Energy,Cluster Size,Trimers,Tetramers,Pentamers,Hexamers,Avg Shortest Path Length,Wiener Index,rmsd,Graph Similarity,Projected Similarity
-15.9416428,3.0,1,0,0,0,1.0,3.0,0.0,0.0,0.0
-27.6242619,4.0,0,1,0,0,1.3333333333333333,8.0,0.0,0.0,0.0
-36.8050499,5.0,0,0,1,0,1.5,15.0,0.0,0.0,0.0
-36.8034706,5.0,0,0,1,0,1.5,15.0,1.998366,0.0,0.0
-36.8031731,5.0,0,0,1,0,1.5,15.0,1.846359,1e-06,0.0
-46.5315552,6.0,0,5,0,0,1.5333333333333334,23.0,0.0,0.0,0.0
-46.5096512,6.0,0,5,0,0,1.5333333333333334,23.0,1.737022,8.4e-05,0.0
-46.1083717,6.0,1,2,1,0,1.4666666666666666,22.0,2.585366,0.228841,3.33705
-46.0908012,6.0,0,2,0,0,1.6666666666666667,25.0,2.728578,3.868659,1.507577
-46.0658035,6.0,0,2,0,0,1.6666666666666667,25.0,2.698724,3.87035,1.507577
-46.0059509,6.0,0,2,0,0,1.6666666666666667,25.0,2.496828,3.857482,1.507577
-45.9915009,6.0,1,2,1,0,1.4666666666666666,22.0,2.586172,0.22521,3.33705
-45.9105644,6.0,2,3,0,0,1.4,21.0,2.49684,3.696155,4.630683
-45.7945213,6.0,0,1,2,0,1.5333333333333334,23.0,2.283882,3.712118,3.717143
-45.7182083,6.0,0,1,2,0,1.5333333333333334,23.0,2.455321,3.730635,3.717143
-45.6464653,6.0,1,2,1,0,1.4666666666666666,22.0,2.443674,0.247359,3.33705
-45.6437302,6.0,0,5,0,0,1.5333333333333334,23.0,1.877602,0.198679,0.0
-45.5965805,6.0,1,2,1,0,1.4666666666666666,22.0,1.588123,0.262282,3.33705
-45.575676,6.0,1,2,1,0,1.4666666666666666,22.0,2.374505,0.293722,3.33705
-45.5610428,6.0,0,1,2,0,1.5333333333333334,23.0,2.606798,3.349774,3.717143
-45.5437164,6.0,0,1,2,0,1.5333333333333334,23.0,2.751472,3.519603,3.717143
-46.5315552,6.0,0,5,0,0,1.5333333333333334,23.0,0.0,0.0,0.0
-46.5096512,6.0,0,5,0,0,1.5333333333333334,23.0,1.737022,8.4e-05,0.0
-46.1083717,6.0,1,2,1,0,1.4666666666666666,22.0,2.585366,0.228841,3.33705
-46.0908012,6.0,0,2,0,0,1.6666666666666667,25.0,2.728578,3.868659,1.507577
-46.0658035,6.0,0,2,0,0,1.6666666666666667,25.0,2.698724,3.87035,1.507577
-46.0059509,6.0,0,2,0,0,1.6666666666666667,25.0,2.496828,3.857482,1.507577
-45.9915009,6.0,1,2,1,0,1.4666666666666666,22.0,2.586172,0.22521,3.33705
-45.9105644,6.0,2,3,0,0,1.4,21.0,2.49684,3.696155,4.630683
-45.7945213,6.0,0,1,2,0,1.5333333333333334,23.0,2.283882,3.712118,3.717143
-45.7182083,6.0,0,1,2,0,1.5333333333333334,23.0,2.455321,3.730635,3.717143
-45.6464653,6.0,1,2,1,0,1.4666666666666666,22.0,2.443674,0.247359,3.33705
-45.6437302,6.0,0,5,0,0,1.5333333333333334,23.0,1.877602,0.198679,0.0
-45.5965805,6.0,1,2,1,0,1.4666666666666666,22.0,1.588123,0.262282,3.33705
-45.575676,6.0,1,2,1,0,1.4666666666666666,22.0,2.374505,0.293722,3.33705
-45.5610428,6.0,0,1,2,0,1.5333333333333334,23.0,2.606798,3.349774,3.717143
-45.5437164,6.0,0,1,2,0,1.5333333333333334,23.0,2.751472,3.519603,3.717143
-57.8319664,7.0,1,3,2,0,1.5714285714285714,33.0,0.0,0.0,0.0
-57.5936966,7.0,1,3,2,0,1.5714285714285714,33.0,1.024453,0.370917,0.0
-57.5424919,7.0,0,2,3,0,1.619047619047619,34.0,0.552554,3.363881,1.116247
-57.4698372,7.0,1,3,2,0,1.5714285714285714,33.0,1.276803,0.389121,0.0
-57.3673439,7.0,1,3,2,0,1.5714285714285714,33.0,2.304459,0.393443,0.0
-57.1903267,7.0,0,7,0,0,1.619047619047619,34.0,2.659381,0.363752,1.482104
-57.1900558,7.0,0,7,0,0,1.619047619047619,34.0,2.223971,0.36364,1.482104
-57.1900482,7.0,0,7,0,0,1.619047619047619,34.0,2.571886,0.363648,1.482104
-57.1859131,7.0,0,7,0,0,1.619047619047619,34.0,1.296446,0.25626,1.482104
-57.1370087,7.0,0,7,0,0,1.619047619047619,34.0,2.913845,0.360661,1.482104
-57.0709991,7.0,1,3,2,0,1.5714285714285714,33.0,2.63181,0.151575,0.0
-57.0433693,7.0,0,2,3,0,1.619047619047619,34.0,1.280495,3.245506,1.116247
-57.0332336,7.0,1,3,2,0,1.5714285714285714,33.0,2.332528,0.255382,0.0
-56.9344711,7.0,1,3,2,0,1.5714285714285714,33.0,1.862206,0.020429,0.0
-56.8899803,7.0,1,3,2,0,1.5714285714285714,33.0,2.242405,0.014685,0.0
-73.3260498,8.0,0,6,0,4,1.7142857142857142,48.0,0.0,0.0,0.0
-73.2936554,8.0,0,6,0,4,1.7142857142857142,48.0,2.724059,0.002715,0.0
-83.4160843,9.0,0,4,2,3,1.8055555555555556,65.0,0.0,0.0,0.0
-83.0525055,9.0,0,4,2,3,1.8055555555555556,65.0,3.161484,0.001611,0.0
-82.7648315,9.0,0,4,2,3,1.8055555555555556,65.0,2.946779,0.005761,0.0
-82.7599945,9.0,0,4,2,3,1.8055555555555556,65.0,2.829718,0.005287,0.0
-82.7597809,9.0,0,4,2,3,1.8055555555555556,65.0,2.984263,0.005175,0.0
-94.6706543,10.0,0,5,2,0,1.8888888888888888,85.0,0.0,0.0,0.0
-94.6555023,10.0,0,5,2,0,1.8888888888888888,85.0,2.924913,0.000504,0.0
-93.9319229,10.0,0,5,2,0,1.8888888888888888,85.0,2.461694,0.003678,0.0
-93.8214798,10.0,0,5,2,0,1.8888888888888888,85.0,2.590186,0.001479,0.0
-93.7692947,10.0,0,5,2,0,1.8888888888888888,85.0,2.626436,0.003282,0.0
-104.813835,11.0,0,6,4,3,1.9454545454545455,107.0,0.0,0.0,0.0
-104.809586,11.0,0,6,4,3,1.9454545454545455,107.0,2.766509,0.038909,0.0
-120.145905,12.0,0,11,0,8,2.0606060606060606,136.0,0.0,0.0,0.0
-120.088501,12.0,0,11,0,8,2.0606060606060606,136.0,3.593411,0.000535,0.0
-120.025482,12.0,0,11,0,8,2.0606060606060606,136.0,3.548909,0.000126,0.0
-130.535187,13.0,0,9,2,7,2.141025641025641,167.0,0.0,0.0,0.0
-130.475296,13.0,0,9,2,7,2.141025641025641,167.0,3.904427,0.000284,0.0
-130.348526,13.0,0,9,2,7,2.141025641025641,167.0,4.273121,0.000377,0.0
-130.281265,13.0,0,9,2,7,2.141025641025641,167.0,3.756805,0.00017,0.0
-130.258255,13.0,0,8,3,6,2.1025641025641026,164.0,3.816836,0.165623,0.481889
-130.204285,13.0,0,9,2,7,2.128205128205128,166.0,3.854471,0.048643,0.636355
-130.124069,13.0,0,9,2,7,2.128205128205128,166.0,3.638439,0.048849,0.636355
-130.108139,13.0,0,9,2,7,2.128205128205128,166.0,4.172241,0.047905,0.636355
-130.082031,13.0,0,9,2,7,2.128205128205128,166.0,3.237881,0.058391,0.636355
-130.01944,13.0,0,9,2,7,2.128205128205128,166.0,3.680707,0.048169,0.636355
-129.804428,13.0,0,8,3,6,2.1025641025641026,164.0,3.575456,0.171194,0.481889
-129.790497,13.0,0,9,2,7,2.141025641025641,167.0,4.285137,0.007758,0.0
-129.726685,13.0,0,9,2,7,2.128205128205128,166.0,3.95516,0.059925,0.636355
-129.726608,13.0,0,9,2,7,2.141025641025641,167.0,3.630722,0.007584,0.0
-129.706802,13.0,0,8,3,6,2.1025641025641026,164.0,3.530432,0.168689,0.481889
-129.640518,13.0,0,9,2,7,2.141025641025641,167.0,3.169358,0.008438,0.0
-129.631195,13.0,0,9,2,7,2.128205128205128,166.0,4.145172,0.051118,0.636355
-129.588226,13.0,0,9,2,7,2.128205128205128,166.0,3.711802,0.051307,0.636355
-129.587479,13.0,0,9,2,7,2.141025641025641,167.0,4.088354,0.008154,0.0
-129.55983,13.0,0,9,2,7,2.128205128205128,166.0,3.813974,0.13418,0.636355
-129.557434,13.0,0,9,2,7,2.128205128205128,166.0,3.825762,0.135996,0.636355
-129.549561,13.0,0,9,2,7,2.128205128205128,166.0,4.19482,0.334942,0.636355
-129.54245,13.0,0,9,2,7,2.128205128205128,166.0,3.327201,0.119896,0.636355
-142.923737,14.0,0,10,2,4,2.208791208791209,201.0,0.0,0.0,0.0
-142.840942,14.0,0,10,2,4,2.208791208791209,201.0,3.81416,0.000227,0.0
-142.588196,14.0,0,10,2,4,2.208791208791209,201.0,4.189277,0.00136,0.0
-142.555344,14.0,0,10,2,4,2.208791208791209,201.0,3.941762,0.00343,0.0
-142.495667,14.0,0,10,2,4,2.208791208791209,201.0,4.057394,0.005065,0.0
-142.476944,14.0,0,10,2,4,2.208791208791209,201.0,3.74613,0.005039,0.0
-142.465775,14.0,0,10,2,4,2.208791208791209,201.0,3.508862,0.001138,0.0
-142.395248,14.0,0,10,2,4,2.208791208791209,201.0,4.018384,0.005888,0.0
-142.365097,14.0,0,10,2,4,2.208791208791209,201.0,3.824252,0.006263,0.0
-142.311386,14.0,0,10,2,4,2.208791208791209,201.0,3.777157,0.006535,0.0
-142.281586,14.0,0,10,2,4,2.208791208791209,201.0,3.85137,0.012658,0.0
-142.209747,14.0,0,10,2,4,2.208791208791209,201.0,3.903662,0.220726,0.0
-142.170532,14.0,0,10,2,4,2.208791208791209,201.0,4.105261,0.004371,0.0
-142.140594,14.0,0,10,2,4,2.208791208791209,201.0,3.887244,0.220044,0.0
-142.133087,14.0,0,10,2,4,2.208791208791209,201.0,3.930865,0.004337,0.0
-141.948013,14.0,0,10,2,4,2.208791208791209,201.0,3.630588,0.014086,0.0
-141.942337,14.0,0,10,2,4,2.208791208791209,201.0,3.64725,0.00167,0.0
-154.083664,15.0,0,10,3,0,2.238095238095238,235.0,0.0,0.0,0.0
-154.037354,15.0,0,10,3,0,2.238095238095238,235.0,4.121742,0.000219,0.0
-154.006912,15.0,0,10,3,0,2.238095238095238,235.0,3.833127,0.000248,0.0
-153.95166,15.0,0,10,3,0,2.238095238095238,235.0,3.790106,0.000225,0.0
-153.323318,15.0,0,8,4,3,2.2857142857142856,240.0,3.926907,2.445066,2.223285
-153.277145,15.0,0,8,4,3,2.2857142857142856,240.0,3.952289,2.437295,2.223285
-167.249741,16.0,0,16,0,12,2.4,288.0,0.0,0.0,0.0
-167.179718,16.0,0,16,0,12,2.4,288.0,4.431159,0.000176,0.0
-167.109344,16.0,0,16,0,12,2.4,288.0,4.869174,0.000232,0.0
-167.06958,16.0,0,16,0,12,2.4,288.0,4.600487,0.000297,0.0
-166.99939,16.0,0,16,0,12,2.4,288.0,4.346255,8.1e-05,0.0
-166.930847,16.0,0,16,0,12,2.4,288.0,0.780547,0.000387,0.0
-166.328613,16.0,0,9,4,0,2.3666666666666667,284.0,4.135166,6.237364,2.517421
-178.60228,17.0,0,6,10,12,2.2941176470588234,312.0,0.0,0.0,0.0
-178.292267,17.0,0,5,14,7,2.2426470588235294,305.0,3.852785,0.12146,0.612381
-178.116394,17.0,0,4,16,8,2.2205882352941178,302.0,4.257879,0.291369,1.098345
-178.085632,17.0,0,4,16,8,2.2205882352941178,302.0,3.870107,0.269581,1.098345
-178.06311,17.0,0,5,14,7,2.2426470588235294,305.0,4.157661,0.120212,0.612381
-178.037674,17.0,0,6,9,10,2.2794117647058822,310.0,4.241907,0.222344,1.01615
-178.031296,17.0,0,5,14,7,2.2426470588235294,305.0,4.057604,0.137431,0.612381
-178.018768,17.0,0,4,16,8,2.2205882352941178,302.0,4.10193,0.302259,1.098345
-178.00528,17.0,0,12,4,9,2.3529411764705883,320.0,4.061331,2.723265,0.921198
-177.995361,17.0,0,4,16,8,2.2205882352941178,302.0,3.980313,0.301017,1.098345
-177.96727,17.0,0,5,12,11,2.2573529411764706,307.0,4.065425,0.092345,0.341689
-177.947144,17.0,0,6,9,10,2.2794117647058822,310.0,4.280265,0.234261,1.01615
-177.894974,17.0,0,5,14,7,2.2426470588235294,305.0,3.992848,0.120657,0.612381
-177.871948,17.0,0,5,13,8,2.2426470588235294,305.0,4.177069,0.148926,0.962051
-177.865555,17.0,0,4,16,8,2.2205882352941178,302.0,3.850396,0.297229,1.098345
-177.826797,17.0,0,5,14,7,2.2426470588235294,305.0,4.036506,0.139201,0.612381
-177.820206,17.0,0,6,10,12,2.2941176470588234,312.0,4.389465,0.006545,0.0
-177.816269,17.0,0,5,12,11,2.2573529411764706,307.0,4.221061,0.106585,0.341689
-177.807663,17.0,0,5,14,7,2.2426470588235294,305.0,3.898977,0.146087,0.612381
-177.781525,17.0,0,6,10,12,2.2941176470588234,312.0,4.188432,0.002805,0.0
-177.778656,17.0,0,4,16,8,2.2205882352941178,302.0,4.18886,0.296458,1.098345
-177.762512,17.0,0,5,13,8,2.2426470588235294,305.0,4.284829,0.137016,0.962051
-177.741318,17.0,0,5,14,7,2.2426470588235294,305.0,4.016748,0.137953,0.612381
-177.74057,17.0,0,6,9,10,2.2794117647058822,310.0,3.86959,0.211781,1.01615
-177.724426,17.0,0,4,15,9,2.2205882352941178,302.0,3.782957,0.189196,1.232239
-177.713257,17.0,0,4,16,8,2.2205882352941178,302.0,4.065102,0.298043,1.098345
-177.689423,17.0,0,6,10,12,2.2941176470588234,312.0,4.064772,0.007365,0.0
-177.686523,17.0,0,5,14,7,2.2426470588235294,305.0,4.18157,0.148468,0.612381
-177.677567,17.0,0,5,12,11,2.2573529411764706,307.0,4.078406,0.102196,0.341689
-177.671265,17.0,0,14,2,11,2.4779411764705883,337.0,4.346938,2.413004,1.609004
-177.666229,17.0,0,4,16,8,2.2205882352941178,302.0,3.829672,0.299804,1.098345
-177.636444,17.0,0,5,14,7,2.2426470588235294,305.0,4.636278,0.122708,0.612381
-177.63562,17.0,0,4,16,8,2.2205882352941178,302.0,4.330255,0.150005,1.098345
-177.604904,17.0,0,5,13,8,2.2426470588235294,305.0,3.947635,0.093494,0.660942
-190.640274,18.0,0,13,4,4,2.411764705882353,369.0,0.0,0.0,0.0
-190.585419,18.0,0,15,2,8,2.5163398692810457,385.0,4.729401,0.163144,1.514285
-190.571732,18.0,0,15,2,8,2.5163398692810457,385.0,4.680012,0.164305,1.514285
-190.530533,18.0,0,13,4,4,2.411764705882353,369.0,1.087066,0.002279,0.0
-190.318466,18.0,0,15,2,8,2.5163398692810457,385.0,4.309166,0.137364,1.514285
-190.276215,18.0,0,13,4,4,2.411764705882353,369.0,3.101515,0.068946,0.0
-190.24678,18.0,0,6,15,8,2.3006535947712417,352.0,3.845029,4.819938,1.907557
-190.211563,18.0,0,13,4,4,2.411764705882353,369.0,0.959926,0.010177,0.0
-190.194244,18.0,0,6,14,9,2.2941176470588234,351.0,3.948442,4.004286,1.985207
-190.117554,18.0,0,6,13,12,2.30718954248366,353.0,4.177127,3.88946,1.536946
-189.9935,18.0,0,6,15,8,2.3006535947712417,352.0,4.287948,4.744233,1.907557
-189.96904,18.0,0,6,15,8,2.3006535947712417,352.0,4.182162,4.753212,1.907557
-189.962082,18.0,0,5,15,10,2.287581699346405,350.0,4.307418,2.066865,2.414295
-189.949448,18.0,0,6,13,10,2.3006535947712417,352.0,4.053194,3.912648,1.265998
-189.770508,18.0,0,13,4,4,2.411764705882353,369.0,4.300859,0.000646,0.0
-189.742828,18.0,0,13,4,4,2.411764705882353,369.0,4.370048,0.000996,0.0
-189.731659,18.0,0,6,14,9,2.2941176470588234,351.0,4.229601,4.010172,1.985207
-189.70459,18.0,0,6,13,10,2.3006535947712417,352.0,4.403694,3.882666,1.265998
-189.677155,18.0,0,10,8,8,2.3790849673202614,364.0,4.789492,1.962188,1.169662
-189.671463,18.0,0,6,15,8,2.3006535947712417,352.0,4.349581,4.805005,1.907557
-189.655716,18.0,0,6,15,8,2.3006535947712417,352.0,4.283773,4.718802,1.907557
-189.655609,18.0,0,6,15,8,2.3006535947712417,352.0,3.497854,4.807315,1.907557
-189.643082,18.0,0,6,14,9,2.2941176470588234,351.0,4.431358,3.935234,1.985207
-203.295593,19.0,0,2,17,11,2.3391812865497075,400.0,0.0,0.0,0.0
-203.169266,19.0,0,2,17,11,2.3391812865497075,400.0,4.495992,0.00456,0.0
-203.083725,19.0,0,2,17,11,2.3391812865497075,400.0,4.251443,0.001528,0.0
-203.031097,19.0,0,3,16,9,2.3684210526315788,405.0,4.358976,0.020618,0.087569
-203.025803,19.0,0,2,17,11,2.3391812865497075,400.0,4.302597,0.004259,0.0
-202.979782,19.0,0,3,16,9,2.3684210526315788,405.0,4.115241,0.02261,0.087569
-202.91568,19.0,0,3,16,9,2.3684210526315788,405.0,4.7528,0.023416,0.087569
-202.907806,19.0,0,3,16,9,2.3684210526315788,405.0,4.407983,0.019957,0.087569
-202.871216,19.0,0,3,16,9,2.3684210526315788,405.0,4.54426,0.020829,0.087569
-202.851349,19.0,0,2,17,11,2.3391812865497075,400.0,4.258116,0.05411,0.0
-202.835297,19.0,0,2,17,11,2.3391812865497075,400.0,3.933599,0.009834,0.0
-202.780823,19.0,0,4,15,8,2.391812865497076,409.0,4.590498,0.21524,0.50337
-202.771591,19.0,0,2,17,11,2.3391812865497075,400.0,4.312018,0.007863,0.0
-202.769958,19.0,0,2,17,11,2.3391812865497075,400.0,4.227154,0.008226,0.0
-202.761063,19.0,0,5,19,12,2.3216374269005846,397.0,4.430179,0.92752,0.970292
-202.760193,19.0,0,2,17,11,2.3391812865497075,400.0,4.544407,0.006011,0.0
-202.752991,19.0,0,4,12,12,2.3976608187134505,410.0,3.787982,0.072797,0.491243
-202.743637,19.0,0,2,17,11,2.3391812865497075,400.0,3.677891,0.003097,0.0
-202.735382,19.0,0,3,16,9,2.3684210526315788,405.0,4.563396,0.021972,0.087569
-202.721329,19.0,0,4,14,7,2.3859649122807016,408.0,4.366356,0.082889,0.431389
-202.709808,19.0,0,4,13,10,2.3859649122807016,408.0,4.312536,0.068691,0.309386
-202.699722,19.0,0,2,17,11,2.3391812865497075,400.0,4.27348,0.009235,0.0
-202.689606,19.0,0,3,14,12,2.3625730994152048,404.0,4.270318,0.053759,0.452556
-202.688446,19.0,0,2,17,11,2.3391812865497075,400.0,4.151712,0.013403,0.0
-202.656799,19.0,0,2,17,11,2.3391812865497075,400.0,4.172172,0.011293,0.0
-202.653046,19.0,0,4,14,7,2.3859649122807016,408.0,4.296026,0.068852,0.431389
-202.645874,19.0,0,2,17,11,2.3391812865497075,400.0,4.594018,0.006614,0.0
-202.637695,19.0,0,2,17,11,2.3391812865497075,400.0,4.444461,0.001844,0.0
-202.626785,19.0,0,4,15,8,2.391812865497076,409.0,4.244822,0.203261,0.50337
-202.606766,19.0,0,2,17,11,2.3391812865497075,400.0,3.978904,0.01352,0.0
-202.598236,19.0,0,3,16,8,2.3625730994152048,404.0,4.253779,0.048102,0.22492
-202.592422,19.0,0,2,17,11,2.3391812865497075,400.0,3.949514,0.220724,0.0
-202.589249,19.0,0,2,17,11,2.3391812865497075,400.0,4.325877,0.003525,0.0
-202.58905,19.0,0,3,16,8,2.3625730994152048,404.0,4.0893,0.046422,0.22492
-202.576721,19.0,0,5,20,9,2.304093567251462,394.0,4.224277,0.929396,0.860923
-202.566925,19.0,0,5,19,11,2.3157894736842106,396.0,3.467939,0.922414,0.986822
-202.565308,19.0,0,3,16,9,2.3684210526315788,405.0,4.330269,0.021718,0.087569
-202.55864,19.0,0,3,14,13,2.3625730994152048,404.0,4.724007,0.054748,0.298688
-202.55069,19.0,0,2,17,11,2.3391812865497075,400.0,4.230394,0.069388,0.0
-202.546188,19.0,0,2,17,11,2.3391812865497075,400.0,1.521574,0.214155,0.0
-202.534286,19.0,0,3,16,9,2.3684210526315788,405.0,4.530905,0.020516,0.087569
-202.530258,19.0,0,3,14,13,2.3625730994152048,404.0,4.267326,0.055867,0.298688
-202.524704,19.0,0,3,16,9,2.3684210526315788,405.0,4.288781,0.019398,0.087569
-202.522079,19.0,0,5,19,11,2.3157894736842106,396.0,4.642851,0.913381,0.986822
-202.514099,19.0,0,4,12,12,2.3976608187134505,410.0,4.206705,0.112793,0.491243
-202.50769,19.0,0,3,16,8,2.3625730994152048,404.0,4.361324,0.053391,0.22492
-202.486893,19.0,0,4,14,7,2.3859649122807016,408.0,4.224036,0.074047,0.431389
-202.485489,19.0,0,2,17,11,2.3391812865497075,400.0,4.264264,0.006178,0.0
-202.484543,19.0,0,4,12,12,2.3976608187134505,410.0,4.494191,0.074149,0.491243
-202.468704,19.0,0,4,13,10,2.3859649122807016,408.0,4.332003,0.067281,0.309386
-202.468094,19.0,0,2,17,11,2.3391812865497075,400.0,4.30844,0.217195,0.0
-202.467255,19.0,0,4,14,7,2.3859649122807016,408.0,4.461929,0.232755,0.431389
-202.436554,19.0,0,3,16,9,2.3684210526315788,405.0,4.173993,0.020474,0.087569
-202.435257,19.0,0,2,17,11,2.3391812865497075,400.0,3.990697,0.052378,0.0
-202.433868,19.0,0,3,16,8,2.3625730994152048,404.0,4.247977,0.052292,0.22492
-202.420883,19.0,0,3,14,13,2.3625730994152048,404.0,4.353335,0.05416,0.298688
-202.419434,19.0,0,3,15,10,2.3684210526315788,405.0,4.208503,0.047135,0.226094
-202.414124,19.0,0,4,14,10,2.391812865497076,409.0,3.836043,0.226257,0.635795
-202.41391,19.0,0,3,15,10,2.3684210526315788,405.0,4.388847,0.046099,0.226094
-202.411575,19.0,0,2,17,11,2.3391812865497075,400.0,3.7453,0.010356,0.0
-202.405884,19.0,0,4,14,7,2.3859649122807016,408.0,4.131928,0.073503,0.431389
-202.392715,19.0,0,4,12,12,2.3976608187134505,410.0,4.410404,0.108642,0.491243
-202.389847,19.0,0,2,17,11,2.3391812865497075,400.0,4.298603,0.212149,0.0
-202.389206,19.0,0,2,17,11,2.3391812865497075,400.0,4.383859,0.007474,0.0
-202.384491,19.0,0,4,14,7,2.3859649122807016,408.0,4.842167,0.233715,0.431389
-202.382919,19.0,0,4,14,10,2.391812865497076,409.0,4.253983,0.225253,0.635795
-202.371765,19.0,0,5,12,10,2.4035087719298245,411.0,4.143328,0.246304,0.493936
-202.364899,19.0,0,4,14,7,2.3859649122807016,408.0,4.185513,0.086376,0.431389
-202.353195,19.0,0,4,14,7,2.3859649122807016,408.0,4.572104,0.075003,0.431389
-202.33902,19.0,0,3,16,8,2.3625730994152048,404.0,3.792626,0.046952,0.22492
-202.338348,19.0,0,5,19,12,2.3216374269005846,397.0,4.244793,0.836901,0.970292
-202.329529,19.0,0,4,14,7,2.3859649122807016,408.0,4.506295,0.221907,0.431389
-202.326202,19.0,0,5,10,13,2.4210526315789473,414.0,3.827405,0.135884,0.68032
-202.316818,19.0,0,4,14,7,2.3859649122807016,408.0,4.721305,0.205684,0.431389
-202.314041,19.0,0,3,14,11,2.3567251461988303,403.0,4.328763,0.044986,0.266957
-202.309937,19.0,0,5,19,11,2.3157894736842106,396.0,4.461637,0.906463,0.986822
-202.300339,19.0,0,3,16,8,2.3625730994152048,404.0,4.42517,0.045879,0.22492
-202.296799,19.0,0,5,10,13,2.4210526315789473,414.0,4.222029,0.131922,0.68032
-215.214859,20.0,0,12,6,0,2.5473684210526315,484.0,0.0,0.0,0.0
-215.048172,20.0,0,4,14,13,2.4157894736842107,459.0,4.54007,2.175131,3.122084
-215.02977,20.0,0,3,17,11,2.3789473684210525,452.0,4.749395,3.739068,3.93539
-214.963898,20.0,0,3,17,12,2.3789473684210525,452.0,4.664769,3.731788,3.569059
-214.929382,20.0,0,3,17,12,2.3789473684210525,452.0,4.834324,3.739506,3.569059
-214.901367,20.0,0,3,17,12,2.3789473684210525,452.0,4.340962,3.756973,3.569059
-214.894241,20.0,0,4,16,11,2.4,456.0,4.619856,5.155467,3.145733
-214.893753,20.0,0,3,17,11,2.3789473684210525,452.0,4.733167,3.769213,3.93539
-214.88559,20.0,0,3,17,12,2.3789473684210525,452.0,4.590813,3.757567,3.569059
-214.84288,20.0,0,4,16,11,2.4,456.0,4.619563,5.154916,3.145733
-214.834747,20.0,0,3,17,11,2.3789473684210525,452.0,4.722551,3.863263,3.93539
-214.833008,20.0,0,4,16,11,2.4,456.0,4.708702,5.139657,3.145733
-214.794617,20.0,0,3,17,12,2.3789473684210525,452.0,4.65976,3.734266,3.569059
-214.790268,20.0,0,4,14,13,2.4157894736842107,459.0,4.830796,2.125727,3.122084
-214.78392,20.0,0,3,17,11,2.3789473684210525,452.0,4.298792,3.771595,3.93539
-214.737915,20.0,0,3,17,11,2.3789473684210525,452.0,4.804988,3.795803,3.93539
-214.733856,20.0,0,4,14,13,2.4157894736842107,459.0,4.953721,2.173005,3.122084
-214.686539,20.0,0,4,16,11,2.4,456.0,4.351497,5.072586,3.145733
-214.673248,20.0,0,3,17,12,2.3789473684210525,452.0,4.36481,3.814296,3.569059
-214.64856,20.0,0,4,16,11,2.4,456.0,4.663965,5.119159,3.145733
-214.618149,20.0,0,3,17,11,2.3789473684210525,452.0,4.76124,3.800375,3.93539
-214.605865,20.0,0,12,6,0,2.5473684210526315,484.0,4.574325,0.008888,0.0
-214.565643,20.0,0,3,17,11,2.3789473684210525,452.0,4.33343,3.723639,3.93539
-214.539108,20.0,0,3,17,11,2.3789473684210525,452.0,4.800591,3.75461,3.93539
-214.518494,20.0,0,3,17,12,2.3789473684210525,452.0,4.327957,3.797366,3.569059
-214.500793,20.0,0,3,17,11,2.3789473684210525,452.0,4.724204,3.771941,3.93539
-214.468155,20.0,0,3,17,11,2.3789473684210525,452.0,4.778936,3.680182,3.93539
-214.46492,20.0,0,3,17,12,2.3789473684210525,452.0,4.681223,4.279665,3.569059
-214.434341,20.0,0,3,17,11,2.3789473684210525,452.0,4.800697,3.725855,3.93539
-214.427597,20.0,0,3,17,11,2.3789473684210525,452.0,4.74559,3.741729,3.93539
-214.406708,20.0,0,5,13,13,2.4263157894736844,461.0,4.630194,4.027941,2.611858
-214.406067,20.0,0,4,16,11,2.4,456.0,4.866247,5.101613,3.145733
-214.395859,20.0,0,3,17,12,2.3789473684210525,452.0,4.267468,3.811441,3.569059
-214.336823,20.0,0,3,17,12,2.3789473684210525,452.0,4.578823,3.718549,3.569059
-214.323792,20.0,0,3,17,11,2.3789473684210525,452.0,4.36999,3.725603,3.93539
-214.311447,20.0,0,3,17,11,2.3789473684210525,452.0,4.262687,4.209008,3.93539
-214.309143,20.0,0,4,16,11,2.4,456.0,4.501273,5.110251,3.145733
-214.287338,20.0,0,3,17,11,2.3789473684210525,452.0,4.670927,4.280606,3.93539
-214.270355,20.0,0,5,15,8,2.4210526315789473,460.0,4.78246,4.922238,2.726784
-214.228302,20.0,0,5,13,11,2.4210526315789473,460.0,4.661937,3.490153,2.686009
-227.785355,21.0,0,0,18,12,2.4380952380952383,512.0,0.0,0.0,0.0
-227.564926,21.0,0,0,18,12,2.4380952380952383,512.0,4.156229,0.010245,0.0
-227.387756,21.0,0,0,18,12,2.4380952380952383,512.0,4.269907,0.001591,0.0
-227.27000773223932,21.0,2,3,9,10,2.623809523809524,551.0,4.795741,2461.953413,2.215118
-227.2333952922496,21.0,6,3,3,5,2.9714285714285715,624.0,4.800085,2772.47376,5.011657
-227.194244,21.0,0,0,18,12,2.4380952380952383,512.0,4.50873,0.169904,0.0
-227.171448,21.0,0,0,18,12,2.4380952380952383,512.0,4.509715,0.005057,0.0
-227.155228,21.0,0,0,18,12,2.4380952380952383,512.0,4.516938,0.150357,0.0
-227.142624,21.0,0,0,18,12,2.4380952380952383,512.0,4.147867,0.010176,0.0
-227.131531,21.0,0,0,18,12,2.4380952380952383,512.0,4.270213,0.13746,0.0
-224.012024,21.0,0,0,18,12,2.4380952380952383,512.0,4.382065,0.278172,0.0
-227.06420909639183,21.0,3,2,4,4,2.9380952380952383,617.0,4.832487,2538.31955,5.891018
-226.091782,21.0,0,0,18,12,2.4380952380952383,512.0,4.151388,0.169788,0.0
-227.01262223028655,21.0,2,4,4,9,2.5761904761904764,541.0,4.884943,2731.930133,3.373755
-227.001953,21.0,0,0,18,12,2.4380952380952383,512.0,4.509899,0.175693,0.0
-226.997696,21.0,0,0,18,12,2.4380952380952383,512.0,4.315007,0.169274,0.0
-226.942001,21.0,0,0,18,12,2.4380952380952383,512.0,4.759369,0.015676,0.0
-226.93976184528935,21.0,0,3,5,5,2.6285714285714286,552.0,5.078065,2987.050784,4.623195
-226.937683,21.0,0,2,15,12,2.4952380952380953,524.0,4.299303,0.151193,0.730161
-226.92179089230441,21.0,1,2,8,7,-1.0,inf,4.734891,2560.879183,7.13826
-226.8974,21.0,0,0,18,12,2.4380952380952383,512.0,4.391166,0.145316,0.0
-226.895294,21.0,0,1,17,10,2.4714285714285715,519.0,4.343155,0.21611,0.245716
-226.870712,21.0,0,1,17,10,2.4714285714285715,519.0,4.784216,0.211047,0.245716
-226.8362830542173,21.0,1,2,9,16,2.4952380952380953,524.0,4.767669,2656.827371,2.704645
-226.826675,21.0,0,0,18,12,2.4380952380952383,512.0,4.736708,0.011322,0.0
-226.758881,21.0,0,0,18,12,2.4380952380952383,512.0,4.490542,0.002935,0.0
-226.81233535197907,21.0,2,3,6,8,2.6714285714285713,561.0,4.992099,2749.392071,4.168334
-226.799973,21.0,0,0,18,12,2.4380952380952383,512.0,4.577569,0.016333,0.0
-226.486725,21.0,0,0,18,12,2.4380952380952383,512.0,4.465608,0.01996,0.0
-239.1671293622115,22.0,1,2,5,15,2.601731601731602,601.0,0.0,0.0,0.0
-239.09946774729798,22.0,4,4,3,16,2.606060606060606,602.0,4.602055,115.102181,2.020683
-238.8797729385143,22.0,1,6,8,15,2.58008658008658,596.0,4.582557,21.989827,2.628179
-238.79988903732462,22.0,4,3,11,14,-1.0,inf,4.816435,99.693943,2.535281
-238.753494,22.0,0,8,17,14,2.4761904761904763,572.0,5.189657,3595.066273,4.622756
-238.62078239361085,22.0,2,0,7,10,2.705627705627706,625.0,4.574076,22.367401,1.816964
-238.4927039711664,22.0,1,6,6,8,-1.0,inf,4.637842,96.45245,1.646018
-238.36568516108878,22.0,1,2,8,8,2.6103896103896105,603.0,4.389028,70.758489,0.946018
-238.32464526222324,22.0,0,4,6,8,2.688311688311688,621.0,4.362197,32.595678,1.715934
-238.30349951586848,22.0,2,4,8,4,2.6363636363636362,609.0,4.246031,20.656917,1.491075
-238.29650515541397,22.0,2,9,7,3,2.6277056277056277,607.0,4.857887,31.828116,2.413029
-238.27291848299308,22.0,5,2,1,7,2.896103896103896,669.0,4.504765,41.447927,0.551824
-238.20478919712065,22.0,2,4,6,8,2.7532467532467533,636.0,4.792212,34.763464,1.964451
-238.204788,22.0,0,7,13,11,2.5584415584415585,591.0,5.284853,3591.990135,3.626512
-238.1955558940294,22.0,0,2,8,17,2.4805194805194803,573.0,4.369542,65.160506,0.765681
-252.92279111762693,23.0,2,2,6,3,2.7786561264822134,703.0,1e-06,0.0,0.0
-252.597008324804,23.0,1,4,5,7,2.9486166007905137,746.0,3.878249,36.711642,0.752273
-252.53771078320693,23.0,4,4,6,1,2.727272727272727,690.0,2.815473,24.717299,1.336129
-252.47103889391335,23.0,1,6,10,7,2.58102766798419,653.0,5.000649,43.940411,1.993553
-252.36888473663043,23.0,5,4,4,5,2.7905138339920947,706.0,4.407407,21.092448,1.572472
-252.34385833901806,23.0,2,3,3,5,2.739130434782609,693.0,4.163972,43.356622,0.8721
-252.32337837617558,23.0,5,3,8,8,2.8063241106719365,710.0,1.045522,12.21975,3.600059
-252.30477913450548,23.0,4,3,9,10,2.8656126482213438,725.0,4.177613,40.855315,1.0877
-252.27768576158428,23.0,2,4,13,12,2.5019762845849804,633.0,5.089491,23.370962,3.248635
-252.25589118171126,23.0,3,3,4,8,2.7628458498023716,699.0,0.948519,13.580003,0.636614
-252.24576399024977,23.0,1,5,1,8,2.8379446640316206,718.0,4.671334,70.135354,0.998692
-252.2383022312206,23.0,1,5,8,11,2.644268774703557,669.0,4.850716,122.662344,1.114385
-252.17311866448645,23.0,1,6,7,11,2.814229249011858,712.0,3.307525,27.15758,0.858814
-252.15379672070668,23.0,3,2,2,9,2.699604743083004,683.0,3.258739,27.060459,1.185437
-252.10611859961983,23.0,4,2,6,7,2.8616600790513833,724.0,4.177792,67.26953,1.053622
-252.0672292040528,23.0,5,6,3,6,3.355731225296443,849.0,3.47968,48.189992,1.920597
-252.03133237851532,23.0,3,3,10,15,2.794466403162055,707.0,4.20352,34.225053,1.242844
-251.99426859842663,23.0,3,4,6,4,2.972332015810277,752.0,4.718507,49.454849,1.701635
-251.98475857873393,23.0,2,7,6,7,2.6047430830039526,659.0,4.927343,28.653778,2.525754
-251.98324643658205,23.0,2,4,10,8,2.7905138339920947,706.0,4.515542,35.496186,0.62671
-251.94193309599748,23.0,5,6,4,6,2.8735177865612647,727.0,3.347662,38.447065,1.112286
-251.9398962510261,23.0,3,3,1,13,2.8853754940711465,730.0,4.445667,18.724383,0.883071
-251.93116856007907,23.0,2,3,12,14,2.58102766798419,653.0,1.008659,10.193413,1.86561
-264.3943801620701,24.0,1,5,6,9,2.8949275362318843,799.0,0.0,0.0,0.0
-264.3309958411294,24.0,1,4,5,15,2.5905797101449277,715.0,4.792381,24.222871,1.683238
-264.10069165530524,24.0,0,3,4,7,3.036231884057971,838.0,4.840866,11.080563,1.069958
-264.100677,24.0,0,7,18,14,2.619565217391304,723.0,5.192498,3757.493829,4.400736
-264.082928680994,24.0,0,4,10,14,2.721014492753623,751.0,4.616932,15.390388,1.263779
-264.0779257560569,24.0,5,1,2,4,3.2065217391304346,885.0,0.955058,18.124459,0.896923
-264.0178532007178,24.0,3,5,6,9,2.717391304347826,750.0,3.056073,26.33972,1.41869
-264.0064484125367,24.0,2,3,8,6,2.8405797101449277,784.0,4.638095,33.213992,0.465199
-263.93991209422484,24.0,4,1,7,8,2.721014492753623,751.0,4.413995,43.272229,0.92288
-263.9333777063048,24.0,2,4,1,15,3.0942028985507246,854.0,4.89589,74.631795,1.184173
-263.9333092261174,24.0,6,3,6,10,2.6884057971014492,742.0,5.011894,59.165513,2.63455
-263.91262575206747,24.0,3,3,2,8,2.800724637681159,773.0,4.794199,21.793924,1.01328
-263.8533131602152,24.0,2,2,10,12,2.681159420289855,740.0,4.772607,27.102931,0.88641
-263.85255683692725,24.0,1,4,10,11,2.5434782608695654,702.0,4.658158,32.872188,1.276822
-263.7864247409618,24.0,3,5,7,16,2.6920289855072466,743.0,4.734388,23.35042,1.057795
-263.76952748309367,24.0,1,7,8,14,2.61231884057971,721.0,4.526082,21.702252,3.560094
-263.163849,24.0,0,8,15,16,2.6594202898550723,734.0,5.202537,3447.9977,4.040613
-263.7520328038663,24.0,1,5,3,8,3.0760869565217392,849.0,4.847527,43.038925,0.8063
-263.75123269950797,24.0,2,12,4,9,2.6956521739130435,744.0,4.833042,22.718318,3.908025
-263.751221,24.0,0,7,18,14,2.619565217391304,723.0,5.152619,3756.562278,4.400736
-263.7240764620607,24.0,3,3,4,6,2.721014492753623,751.0,4.688625,36.118771,1.036968
-263.72285664163826,24.0,5,3,10,10,2.8550724637681157,788.0,4.479937,20.051836,1.324196
-263.71681189154566,24.0,5,5,3,8,3.0434782608695654,840.0,4.390993,14.39077,0.490162
-263.7086238305109,24.0,3,5,8,6,2.677536231884058,739.0,4.513165,43.637788,1.793339
-263.6785182178364,24.0,0,3,8,12,2.6630434782608696,735.0,4.705316,13.842952,0.904318
-263.66602208827305,24.0,2,4,5,3,2.7028985507246377,746.0,4.548831,19.617195,1.270136
-263.61961542732223,24.0,3,4,6,9,2.746376811594203,758.0,4.723169,20.47466,0.987579
-263.6021145233606,24.0,5,6,2,12,2.782608695652174,768.0,0.998931,28.30324,1.381882
-263.59707985485625,24.0,4,0,6,6,2.7971014492753623,772.0,4.644891,61.438087,0.756169
-263.58694328808184,24.0,3,3,3,0,2.8550724637681157,788.0,4.496155,16.01552,1.040653
-263.57994987253244,24.0,1,3,13,20,2.5579710144927534,706.0,4.327742,18.054336,2.323625
-263.5742597498603,24.0,1,9,8,4,2.710144927536232,748.0,5.071962,37.409625,1.180664
-263.5535450319429,24.0,3,3,4,8,2.6956521739130435,744.0,4.739547,54.904251,0.901672
-263.55342575170584,24.0,1,6,10,7,-1.0,inf,4.760532,26.507469,1.202765
-263.5422899393984,24.0,2,4,6,9,2.7246376811594204,752.0,5.232134,30.216636,1.134288
-263.5312304229416,24.0,1,2,3,9,2.746376811594203,758.0,3.035304,17.610856,0.720301
-263.5121813309911,24.0,4,5,4,3,2.8659420289855073,791.0,4.630241,12.708625,0.909904
-263.5006383410212,24.0,2,2,8,10,2.7318840579710146,754.0,4.748936,44.712854,0.984593
-263.4904945799009,24.0,1,3,9,12,3.036231884057971,838.0,4.784761,26.464392,0.765128
-263.46808726492304,24.0,5,4,3,4,3.010869565217391,831.0,5.251314,31.248243,1.339635
-263.46798988876805,24.0,2,2,10,15,2.597826086956522,717.0,4.508347,23.438511,1.448205
-263.4633597021643,24.0,1,9,8,7,-1.0,inf,4.951647,26.941271,2.644309
-263.44888882383646,24.0,4,3,3,5,2.847826086956522,786.0,4.630791,24.064853,0.778
-263.4455188145788,24.0,2,5,7,9,2.8949275362318843,799.0,4.842621,32.724625,0.528626
-263.4398505865305,24.0,3,7,5,10,2.927536231884058,808.0,4.84769,22.968925,1.564793
-263.429974652358,24.0,4,2,10,3,2.818840579710145,778.0,4.472736,13.490507,0.93279
-263.42662592632644,24.0,4,1,8,9,2.648550724637681,731.0,4.652302,23.9099,1.858503
-263.42593323480963,24.0,5,5,6,5,2.8659420289855073,791.0,4.804841,20.044035,2.796851
-263.42277061406685,24.0,3,4,2,5,2.8333333333333335,782.0,4.825204,18.052542,0.842393
-263.42118066690784,24.0,1,3,6,20,2.5760869565217392,711.0,3.190775,21.061164,2.056156
-263.42049877131336,24.0,2,3,5,9,2.746376811594203,758.0,4.807535,84.164235,0.356214
-263.4204942634337,24.0,1,2,7,3,2.9927536231884058,826.0,4.883899,50.157707,1.525855
-263.399628,24.0,0,7,18,12,2.608695652173913,720.0,5.32404,3754.220525,3.989481
-263.3988860600965,24.0,1,4,5,8,2.7318840579710146,754.0,4.60924,11.305151,0.791529
-263.39578700581586,24.0,1,3,3,4,2.963768115942029,818.0,4.709737,52.140604,2.196728
-277.471863,25.0,0,7,14,12,2.72,816.0,0.0,0.0,0.0
-277.450745,25.0,0,7,14,12,2.72,816.0,4.85347,0.004792,0.0
-277.42038,25.0,0,4,19,15,2.67,801.0,5.300212,0.255158,0.798782
-277.346222,25.0,0,4,19,15,2.67,801.0,4.643284,0.297084,0.798782
-277.329163,25.0,0,4,19,15,2.67,801.0,4.439478,0.265326,0.798782
-277.211884,25.0,0,7,14,12,2.72,816.0,0.88816,0.000413,0.0
-277.205322,25.0,0,6,16,10,2.703333333333333,811.0,4.444529,0.193024,0.305858
-277.193298,25.0,0,7,14,12,2.72,816.0,5.005138,0.006382,0.0
-277.165771,25.0,0,4,19,15,2.67,801.0,4.787202,0.27896,0.798782
-277.165131,25.0,0,4,19,15,2.67,801.0,4.676464,0.277246,0.798782
-277.123901,25.0,0,6,17,11,2.68,804.0,5.053729,1.356981,0.62353
-277.117371,25.0,0,7,14,12,2.72,816.0,4.94033,0.009162,0.0
-277.060486,25.0,0,7,14,12,2.72,816.0,4.924047,0.006531,0.0
-277.038727,25.0,0,4,19,15,2.67,801.0,4.784654,0.141753,0.798782
-277.03136981476143,25.0,3,4,4,6,2.9166666666666665,875.0,5.395529,4394.252162,4.765041
-277.016876,25.0,0,4,19,15,2.67,801.0,5.30224,0.254092,0.798782
-277.012054,25.0,0,7,15,8,2.716666666666667,815.0,4.486388,0.098223,0.241763
-277.010925,25.0,0,7,14,12,2.72,816.0,4.955422,0.104043,0.0
-276.965271,25.0,0,4,19,15,2.67,801.0,5.077496,0.275432,0.798782
-276.933624,25.0,0,4,19,15,2.67,801.0,4.411929,0.276936,0.798782
-276.910095,25.0,0,7,14,12,2.72,816.0,4.641722,0.093953,0.0
-276.904785,25.0,0,4,19,15,2.67,801.0,4.761469,0.279497,0.798782
-276.9038501888126,25.0,1,3,2,6,2.8866666666666667,866.0,5.375677,3718.523572,5.370643
-276.901825,25.0,0,7,15,8,2.716666666666667,815.0,5.080506,0.094363,0.241763
-276.878235,25.0,0,4,19,15,2.67,801.0,4.445426,0.241206,0.798782
-276.869904,25.0,0,7,14,12,2.72,816.0,4.49315,0.00978,0.0
-276.867889,25.0,0,4,19,15,2.67,801.0,4.790887,0.277126,0.798782
-276.865448,25.0,0,4,19,15,2.67,801.0,4.470374,0.262566,0.798782
-276.861115,25.0,0,7,14,12,2.72,816.0,4.852697,0.008852,0.0
-276.854584,25.0,0,7,13,11,2.716666666666667,815.0,5.26804,0.187564,0.63754
-276.852722,25.0,0,7,15,8,2.716666666666667,815.0,4.493793,0.131824,0.241763
-276.82486,25.0,0,4,19,15,2.67,801.0,4.405206,0.274963,0.798782
-276.814575,25.0,0,4,19,15,2.67,801.0,4.681391,0.264015,0.798782
-276.775452,25.0,0,4,19,15,2.67,801.0,4.788522,0.255381,0.798782
-276.77359,25.0,0,4,19,15,2.67,801.0,5.320746,0.26181,0.798782
-276.772461,25.0,0,7,14,12,2.72,816.0,4.900992,0.013264,0.0
-276.770233,25.0,0,5,17,12,2.68,804.0,4.732015,0.217139,0.456792
-276.768738,25.0,0,5,18,13,2.6866666666666665,806.0,4.6276,0.217863,0.784374
-276.76635886178053,25.0,2,7,4,12,2.9766666666666666,893.0,5.513574,3729.61962,3.010709
-276.734985,25.0,0,4,19,15,2.67,801.0,4.727531,0.263146,0.798782
-276.716492,25.0,0,4,19,15,2.67,801.0,4.727845,0.221078,0.798782
-276.705872,25.0,0,4,19,15,2.67,801.0,4.683366,0.252555,0.798782
-276.702759,25.0,0,4,19,15,2.67,801.0,4.618432,0.255452,0.798782
-276.700256,25.0,0,7,14,12,2.72,816.0,4.996729,0.007136,0.0
-276.687866,25.0,0,4,19,15,2.67,801.0,4.999521,0.285437,0.798782
-276.682709,25.0,0,4,19,15,2.67,801.0,4.745719,0.266504,0.798782
-276.679199,25.0,0,4,19,15,2.67,801.0,5.275701,0.247456,0.798782
-276.67868,25.0,0,4,19,15,2.67,801.0,5.139151,0.281106,0.798782
-276.67627,25.0,0,4,19,15,2.67,801.0,4.941128,0.264634,0.798782
-276.674011,25.0,0,7,14,12,2.72,816.0,5.031889,0.098751,0.0
-276.67395,25.0,0,7,14,12,2.72,816.0,5.062877,0.010676,0.0
-276.66958453917186,25.0,5,6,4,11,-1.0,inf,5.364038,2206.288603,6.150658
-276.669495,25.0,0,7,14,12,2.72,816.0,4.843917,0.005292,0.0
-276.665649,25.0,0,6,16,10,2.703333333333333,811.0,5.25411,0.127317,0.305858
-276.664001,25.0,0,4,19,15,2.67,801.0,4.820982,0.281856,0.798782
-276.655975,25.0,0,6,15,13,2.71,813.0,4.511093,0.207002,0.61062
-276.650299,25.0,0,4,19,15,2.67,801.0,4.921126,0.270215,0.798782
-276.649628,25.0,0,4,19,15,2.67,801.0,4.910719,0.242169,0.798782
-276.64151,25.0,0,4,19,15,2.67,801.0,4.641609,0.298312,0.798782
-276.633881,25.0,0,7,15,8,2.716666666666667,815.0,4.950368,0.091466,0.241763
-276.620056,25.0,0,7,14,12,2.72,816.0,4.680452,0.104747,0.0
-276.611908,25.0,0,4,19,15,2.67,801.0,4.573212,0.292795,0.798782
-276.608063,25.0,0,7,14,12,2.72,816.0,4.672142,0.105392,0.0
-276.595032,25.0,0,7,14,12,2.72,816.0,4.852371,0.004759,0.0
-276.5941401263129,25.0,2,4,6,2,-1.0,inf,5.366774,3306.293198,4.973671
-276.5928632103619,25.0,4,4,5,5,2.7466666666666666,824.0,5.5755,3914.580106,1.688783
-276.577423,25.0,0,4,19,15,2.67,801.0,4.792802,0.136025,0.798782
-276.577087,25.0,0,4,19,15,2.67,801.0,4.763254,0.26844,0.798782
-276.57077,25.0,0,5,18,13,2.6866666666666665,806.0,4.550155,0.221439,0.784374
-276.558868,25.0,0,7,14,12,2.72,816.0,0.857213,0.000487,0.0
-276.556915,25.0,0,4,19,15,2.67,801.0,5.049513,0.175978,0.798782
-276.549011,25.0,0,4,19,15,2.67,801.0,4.524579,0.273867,0.798782
-276.540131,25.0,0,4,19,15,2.67,801.0,4.653631,0.283561,0.798782
-276.538483,25.0,0,6,15,13,2.71,813.0,4.522066,0.175736,0.61062
-276.536896,25.0,0,4,19,15,2.67,801.0,4.781114,0.263807,0.798782
-276.533844,25.0,0,4,19,15,2.67,801.0,4.521025,0.298061,0.798782
-276.533295,25.0,0,4,19,15,2.67,801.0,4.652802,0.25137,0.798782
-276.531158,25.0,1,6,18,10,2.6733333333333333,802.0,4.416381,1.973372,0.840865
-276.530609,25.0,0,4,19,15,2.67,801.0,5.161434,0.284955,0.798782
-276.521545,25.0,0,4,19,15,2.67,801.0,4.430811,0.283862,0.798782
-276.517029,25.0,0,7,15,8,2.716666666666667,815.0,5.049302,0.108475,0.241763
-276.51180977479873,25.0,0,6,14,19,2.703333333333333,811.0,5.594401,4107.083235,1.060047
-276.510406,25.0,0,4,19,15,2.67,801.0,4.978385,0.266974,0.798782
-276.50943,25.0,0,6,14,14,2.703333333333333,811.0,4.644237,0.340984,0.698222
-276.505981,25.0,0,4,19,15,2.67,801.0,4.616236,0.234023,0.798782
-276.500793,25.0,0,4,19,15,2.67,801.0,4.743838,0.269581,0.798782
-276.495148,25.0,0,4,19,15,2.67,801.0,4.825518,0.303277,0.798782
-276.494385,25.0,0,7,14,12,2.72,816.0,4.641388,0.101763,0.0
-276.484894,25.0,0,7,14,12,2.72,816.0,4.921153,0.015438,0.0
-276.483978,25.0,0,5,18,11,2.6866666666666665,806.0,4.899997,0.308833,0.371668
-276.483856,25.0,0,7,14,12,2.72,816.0,5.162948,0.003073,0.0
-276.47934,25.0,0,7,14,12,2.72,816.0,5.185534,0.011044,0.0
-276.477478,25.0,0,4,19,15,2.67,801.0,4.708802,0.280825,0.798782
-276.475861,25.0,0,4,19,15,2.67,801.0,4.876769,0.251379,0.798782
-276.474609,25.0,0,7,14,12,2.72,816.0,1.044199,0.000904,0.0
-276.4722992550031,25.0,1,1,7,5,2.9433333333333334,883.0,5.417652,3499.316955,6.931166
-288.99952855625236,26.0,0,2,9,14,2.793846153846154,908.0,0.0,0.0,0.0
-288.906957931212,26.0,3,3,5,8,2.9046153846153846,944.0,5.031128,78.633281,1.112755
-288.8792782169064,26.0,4,5,2,4,3.6953846153846155,1201.0,5.295545,76.062755,1.708817
-288.841798996687,26.0,4,1,6,2,3.0153846153846153,980.0,4.680183,56.226576,0.804096
-288.7901592243285,26.0,5,3,7,4,3.163076923076923,1028.0,5.510606,29.566638,1.239678
-288.6856072706539,26.0,2,2,8,7,2.8861538461538463,938.0,5.074209,150.449431,0.617729
-288.67855191603763,26.0,3,10,2,5,3.0738461538461537,999.0,5.042139,62.555352,1.045327
-288.6389206789596,26.0,3,3,5,7,2.812307692307692,914.0,5.153348,53.085423,1.074308
-288.61749443421513,26.0,2,8,5,16,2.7753846153846156,902.0,4.960818,84.003143,2.391916
-288.4868383686685,26.0,1,9,4,11,2.713846153846154,882.0,5.147284,98.355671,2.299708
-288.483002634862,26.0,1,1,8,15,3.1323076923076925,1018.0,5.290259,65.054813,0.743852
-288.4517558391658,26.0,2,2,4,11,3.0584615384615383,994.0,5.098109,68.401224,0.777759
-288.43212977722544,26.0,1,2,9,12,2.855384615384615,928.0,5.19255,83.778169,0.563351
-288.4294408036491,26.0,2,6,4,10,2.8276923076923075,919.0,4.551046,40.202612,0.977573
-288.4207416208855,26.0,4,2,5,4,3.267692307692308,1062.0,4.883937,28.352319,2.189404
-288.41179159265346,26.0,5,3,4,8,3.1107692307692307,1011.0,5.163817,73.498961,1.255762
-288.34955755242026,26.0,5,7,1,3,3.0523076923076924,992.0,4.912706,102.259894,2.019949
-288.3470666589221,26.0,4,1,5,13,2.747692307692308,893.0,4.895765,61.481423,3.743559
-288.32984955671634,26.0,0,6,7,18,2.603076923076923,846.0,5.370834,92.852321,2.061603
-288.3260042227422,26.0,3,2,5,7,3.0676923076923077,997.0,5.426961,43.08191,1.302441
-288.315653272543,26.0,4,3,5,9,3.1353846153846154,1019.0,5.159429,62.077667,2.121957
-288.29879015412246,26.0,2,0,6,11,3.0123076923076924,979.0,4.707224,182.974867,0.826475
-288.2866576215604,26.0,2,5,1,9,3.0092307692307694,978.0,5.084106,146.867232,1.431773
-288.21850008661744,26.0,1,3,6,14,2.766153846153846,899.0,4.896506,83.239712,1.007488
-288.21680853905264,26.0,3,3,11,9,2.7384615384615385,890.0,5.249296,49.385675,2.703978
-288.20677067781935,26.0,6,7,2,5,2.769230769230769,900.0,3.970902,96.02367,4.446377
-288.18659244518096,26.0,2,6,3,8,3.04,988.0,4.86431,50.242998,0.829384
-288.1737668974391,26.0,3,5,4,12,2.72,884.0,4.843121,91.902492,2.344372
-288.1709457478506,26.0,2,5,1,3,2.9753846153846153,967.0,5.076353,27.584624,0.988829
-288.14447436384387,26.0,3,4,4,6,3.0953846153846154,1006.0,5.500957,137.597418,1.607671
-288.1247445889512,26.0,6,2,0,11,3.32,1079.0,5.012615,209.256743,1.566263
-288.0847004492917,26.0,7,4,6,11,2.8676923076923075,932.0,5.168256,63.211097,4.608568
-288.0531488119079,26.0,2,5,8,5,3.0338461538461536,986.0,4.667762,58.463286,0.896701
-288.0492574482001,26.0,2,3,4,12,-1.0,inf,5.254058,226.495081,1.337539
-288.037262,26.0,0,5,20,18,2.723076923076923,885.0,5.591265,4743.11212,4.03353
-288.03061632225024,26.0,2,3,4,6,3.0553846153846154,993.0,5.451907,53.34404,0.661027
-288.010803,26.0,0,6,17,16,2.7446153846153845,892.0,5.473677,4710.232412,4.127093
-288.0107913521276,26.0,1,5,7,6,2.9323076923076923,953.0,4.950854,111.227269,1.097568
-288.0074478284834,26.0,4,2,3,13,2.92,949.0,5.147729,73.514071,0.802075
-301.2455544512549,27.0,0,6,12,11,2.737891737891738,961.0,0.0,0.0,0.0
-301.11650153240515,27.0,3,4,5,12,2.8290598290598292,993.0,5.183721,26.051756,0.758573
-300.71556913908796,27.0,2,4,8,13,2.965811965811966,1041.0,5.259724,45.923163,1.315719
-300.70268198339386,27.0,3,4,11,13,2.831908831908832,994.0,4.70305,14.852452,1.044201
-300.66595272003343,27.0,1,6,6,6,3.264957264957265,1146.0,5.637124,203.034138,1.935736
-300.65370818163615,27.0,2,4,6,19,2.6866096866096867,943.0,5.262082,42.407091,0.841627
-300.6489463299558,27.0,2,1,9,9,2.8774928774928776,1010.0,5.392365,163.587893,0.740207
-300.6143734796264,27.0,2,1,4,6,2.903133903133903,1019.0,5.109522,133.93234,2.832695
-300.5709760887956,27.0,0,1,11,12,2.7720797720797723,973.0,5.671908,160.961358,0.66612
-300.53768955934385,27.0,3,5,3,17,2.9116809116809117,1022.0,5.073445,37.658644,0.922092
-300.479778095806,27.0,1,3,12,16,2.717948717948718,954.0,5.371961,136.125392,0.625081
-300.473289518238,27.0,5,4,4,12,2.943019943019943,1033.0,5.247522,50.871154,0.868719
-300.36756086860873,27.0,2,8,4,11,2.7492877492877494,965.0,4.691408,107.312865,1.001698
-300.36315314855193,27.0,3,5,10,17,2.7094017094017095,951.0,5.022625,39.475986,1.035453
-313.7390282275082,28.0,2,3,7,5,-1.0,inf,0.0,0.0,0.0
-313.5686690792586,28.0,4,3,7,6,3.0264550264550265,1144.0,5.131159,77.636976,2.064828
-313.4749620981265,28.0,1,5,4,11,2.867724867724868,1084.0,4.680261,166.413416,2.139176
-313.3589554694197,28.0,2,0,9,12,-1.0,inf,5.288231,89.546423,1.446698
-313.2627482075481,28.0,1,2,7,9,2.986772486772487,1129.0,5.10012,131.971245,0.836234
-313.2190784183473,28.0,5,3,7,9,2.8703703703703702,1085.0,5.281864,185.438193,3.93147
-313.2051817425347,28.0,1,4,6,8,2.880952380952381,1089.0,4.788804,224.495268,2.368587
-313.1616283813322,28.0,1,5,4,23,2.767195767195767,1046.0,4.9409,113.304455,3.429046
-313.1227967177201,28.0,2,8,4,9,3.052910052910053,1154.0,5.39512,77.26198,1.434982
-313.08110625157144,28.0,6,8,2,15,2.8439153439153437,1075.0,5.121965,73.553538,7.490249
-312.9994540642498,28.0,2,3,4,10,3.0925925925925926,1169.0,5.252567,79.928475,1.126207
-312.98560551676724,28.0,2,4,5,9,2.8306878306878307,1070.0,5.174324,67.418339,2.819196
-312.8952015623347,28.0,2,4,5,8,3.0714285714285716,1161.0,5.158031,75.3136,2.129554
-312.85421285799833,28.0,3,3,1,1,3.1560846560846563,1193.0,5.589896,117.198029,1.371217
-312.8508490833881,28.0,1,5,6,9,2.9232804232804233,1105.0,4.787339,396.337232,1.894357
-312.823265531694,28.0,6,7,8,9,2.8994708994708995,1096.0,5.333883,114.820242,6.892863
-312.78130070355814,28.0,5,3,4,7,3.2857142857142856,1242.0,2.696633,46.30814,1.131878
-312.7530738094538,28.0,2,3,5,7,3.0105820105820107,1138.0,2.626781,49.399331,1.046431
-326.6628058778015,29.0,4,4,8,5,2.8916256157635467,1174.0,0.0,0.0,0.0
-326.03144510334937,29.0,4,1,6,7,2.894088669950739,1175.0,4.931193,175.352556,0.801079
-325.93262906880375,29.0,2,2,5,6,-1.0,inf,5.210412,115.49882,3.422733
-325.87508705513403,29.0,2,7,8,9,2.8620689655172415,1162.0,5.021276,148.253922,0.691041
-325.7175584067854,29.0,4,6,6,5,2.938423645320197,1193.0,5.476117,173.812699,0.677874
